Artikelnr	Schlüssel	Preis	AZ	Strom	Gewicht(kg)	Photowert
7210	FB_SMARAGD_2.1_NEU	152.5	0.17	0.4	0.017	
7544	FB_SMARAGDOUB_1.0	153	0.17	0	0	
8948	FB_VARICISC_2.2_RevA	404.38	0.5	0.37	0.11	
7669	FB_VARI_EXT_2.2	249.8	0.5	0.33	0.058	
7929	FB_PTOPAAM_1.4_L	75.71	0.08	1.65	0.012	4.8
7931	FB_PTOPAAM_1.4_SH	68.44	0.08	1.35	0.011	4.8
7467	FB_PTOPAGRE_1.3_L	117.89	0.08	1.974	0.012	1.71
7470	FB_PTOPAGRE_1.3_SH	108	0.08	1.692	0.011	1.71
7472	FB_PTOPABLU_1.3_L	97.98	0.08	1.974	0.012	3.11
7474	FB_PTOPABLU_1.3_SH	95	0.08	1.692	0.011	3.11
7593	FB_PTOPARGB_1.3_L	164.12	0.08	2.36	0.014	1.04
7596	FB_PTOPARGB_1.3_SH	106.89	0.08	1.77	0.012	1.04
7476	FB_PTOPAWHI_1.3_L	147.28	0.08	1.974	0.012	
7478	FB_PTOPAWHI_1.3_SH	87.9	0.08	1.692	0.011	
7935	FB_PTOPAYEL_1.4_L	107	0.08	1.65	0.012	
7933	FB_PTOPAYEL_1.4_SH	89.51	0.08	1.35	0.011	
8451	FB_PTOP_IR8_1.0_L	119.27	0.08	0.6	0.012	4.65
8452	FB_PTOP_IR8_1.0_SH	109.79	0.08	0.5	0.011	4.65
6145	FB_MX_BUF_1.0	14.48	0	0	0.021	
7303	FB_VR_POWER_1.4	76.35	0.25	0.03	0.046	
3998	FB_SENS_200_1.0	126	0.1	0.01	0.012	
4007	FB_SENS_300_1.0	123	0.1	0.01	0.013	
4011	FB_SENS_400_1.0	118	0.1	0.01	0.016	
7282	FB_SENS_600_1.1	145	0.1	0.01	0.015	
7295	FB_SENS2400_2.1	224	0.1	0.01	0.016	
6121	FB_MODU_ADC_1.5_STANDARD	268	1	0.5	0.08	
6358	FB_MODUFPGA_1.3	270	1	0.2	0.101	
7086	FB_MODU_CPU_1.5	173	0.6	0.1	0.06	
6387	FB_MX_POWER_1.3	27	0	0	0.031	
5402	FB_MODU_CAP_1.1	15.23	0	0	0.098	
6045	FB_MLED24IR_1.1	57.43	0	0.3	0.016	
3759	FB_MLED24UV_1.0	169.41	0	0.16	0.013	
6823	FB_M_LED_ST_1.1	49.33	0.25	0.01	0.033	
8159	FB_VADCFPGA_1.0	406	1	0	0	
8842	FB_VADCFPGA_1.0_RevA	358.28	0.34	0.23	0.051	
8186	FB_CPUCLINK_1.0	555	0	0	0	
8345	FB_CPUCLINK_1.1	520	0	0	0	
8838	FB_CPUCLINK_1.1_RevA	525.92	0.5	0.25	0.192	
6117	FB_MODU_ADC_1.5_SLOW	115.63	0	0	0.06	
7089	FB_MODU_CPU_1.5_ENC	154.88	0	0.1	0	
7422	FB_DIGTHERM_1.0	5.57	0.08	0.01	0.003	
4963	FBK_PLEO_IPORT_PT1000-CL	834.6	0.16	0	0	
5647	MG_LED_VSP50_STD_SX_2.1	12	0	0	0.026	
7919	MG_LED_DECK_NL260_SX_1.0	27	0	0	0.06	
7918	MG_LED_DECK_NL520_SX_1.0	35	0	0	0.1	
7917	MG_LED_DECK_NL780_SX_1.0	45	0	0	0.15	
7916	MG_LED_DECK_NL1040_SX_1.0	55	0	0	0.2	
-133	MG_LED_DECK_NL1300_SX_1.0	67	0	0	0.25	
7845	MG_LED_DECK_NL1560_SX_1.0	118	0	0	0.3	
-134	MG_LED_DECK_NL1820_SX_1.0	138	0	0	0.35	
-135	MG_LED_DECK_NL2080_SX_1.0	158	0	0	0.4	
-136	MG_LED_DECK_NL2340_SX_1.0	178	0	0	0.45	
-137	MG_LED_DECK_NL2600_SX_1.0	198	0	0	0.5	
-138	MG_LED_DECK_NL2860_SX_1.0	218	0	0	0.55	
-139	MG_LED_DECK_NL3120_SX_1.0	238	0	0	0.6	
-140	MG_LED_DECK_NL3380_SX_1.0	258	0	0	0.65	
-141	MG_LED_DECK_NL3640_SX_1.0	278	0	0	0.7	
-142	MG_LED_DECK_NL3900_SX_1.0	298	0	0	0.75	
-143	MG_LED_DECK_NL4160_SX_1.0	318	0	0	0.8	
7923	MG_LED_FENS_NL260_U_1.0	25	0	0	0.06	
7922	MG_LED_FENS_NL520_U_1.0	25	0	0	0.1	
5918	MG_LED_GSU_STD_SX_2.1	45	0	0	0	
7913	MG_LED_GEH50_NL260_SX_2.1	50	0	0	0.575	
6099	MG_LED_GEH50_NL520_SX_2.1	64	0	0	1.14	
7912	MG_LED_GEH50_NL780_SX_2.1	90	0	0	1.63	
5990	MG_LED_GEH50_NL1040_SX_2.1	116.4	0	0	2.12	
5914	MG_LED_GEH50_NL1300_SX_2.1	129.75	0	0	2.61	
5636	MG_LED_GEH50_NL1560_SX_2.1	178	0	0	3.1	
7915	MG_LED_LEDHFL_NL260_SX_2.1	12.4	0	0	0.35	
8011	MG_LED_LEDHFL_NL390+_SX_2.1	18.6	0	0	0.48	
6100	MG_LED_LEDHFL_NL520_SX_2.1	24.8	0	0	0.62	
8020	MG_LED_LEDHFL_NL650_SX_2.1	31	0	0	0.75	
7914	MG_LED_LEDHFL_NL780_SX_2.1	37.2	0	0	0.88	
8019	MG_LED_LEDHFL_NL910_SX_2.1	43.4	0	0	0.001	
5991	MG_LED_LEDHFL_NL1040_SX_2.1	54.8	0	0	1.14	
5915	MG_LED_LEDHFL_NL1300_SX_2.1	60.85	0	0	1.4	
5637	MG_LED_LEDHFL_NL1560_SX_2.1	68	0	0	1.66	
4604	MG_MIDICIS_DECKDL_NL260_SX_2.0/1.0	23	0	0	0.062	
4448	MG_MIDICIS_DECKDL_NL520_SX_2.0/1.0	32	0	0	0.101	
5262	MG_MIDICIS_DECKDL_NL780_SX_2.0/1.0	44	0	0	0.144	
5992	MG_MIDICIS_DECKDL_NL1040_SX_2.0/1.0	55	0	0	0.194	
5916	MG_MIDICIS_DECKDL_NL1300SX.1.0	66	0	0	0.244	
4609	MG_MIDICIS_GLASSCHDL_NL260_U_2	10	0	0	0.042	
4595	MG_MIDICIS_GLASSCHDL_NL390_U_2	10	0	0	0.056	
4450	MG_MIDICIS_GLASSCHDL_NL520_U_2	10	0	0	0.075	
7218	MG_MIDICIS_GLASSCHDL_NL650_U_2	15	0	0	0.089	
5265	MG_MIDICIS_GLASSCHDL_NL780_U_2	10	0	0	0.107	
5993	MG_MIDICIS_GLASSCHDL_NL1040_U_2	42.5	0	0	0.14	
5917	MG_MIDICIS_GLASSCHDL_NL1300_U_1	44.4	0	0	0.173	
5639	MG_MIDICIS_GLASSCHDL_NL1560_U_1	46.3	0	0	0.206	
5264	MG_MIDICIS_AHASH_STD_SX_1.0	3.5	0	0	0.005	
5310	MG_MIDICIS_UNSE_STD_SX_1.0	2.5	0	0	0.006	
4842	MG_MOCIS_LWI_NL520_SX_2.0	60.1	0	0	2.456	
8115	MG_MOCIS_LWI_NL520_SX_2.1	60.1	0	0	2.456	
4617	MG_MOCIS_LWI_NL780_SX_2.0	79.56	0	0	3.253	
8628	MG_MOCIS_LWI_NL780_SX_2.1	79.56	0	0	3.253	
4793	MG_MOCIS_LWI_NL1040_SX_2.0	88.28	0	0	4.05	
8116	MG_MOCIS_LWI_NL1040_SX_2.1	88.28	0	0	4.05	
5760	MG_MOCIS_LWI_NL1300_SX_2.0	99.5	0	0	4.848	
8117	MG_MOCIS_LWI_NL1300_SX_2.1	99.5	0	0	4.848	
5624	MG_MOCIS_LWI_NL1560_SX_2.0	106.27	0	0	5.645	
8118	MG_MOCIS_LWI_NL1560_SX_2.1	106.27	0	0	5.645	
-1	MG_MOCIS_LWI_NL1820_SX_2.0	116.14	0	0	6.442	
-2	MG_MOCIS_LWI_NL2080_SX_2.0	126	0	0	7.239	
-3	MG_MOCIS_LWI_NL2340_SX_2.0	135.9	0	0	8.036	
-4	MG_MOCIS_LWI_NL2600_SX_2.0	145	0	0	8.833	
-5	MG_MOCIS_LWI_NL2860_SX_2.0	156	0	0	9.63	
-6	MG_MOCIS_LWI_NL3120_SX_2.0	165	0	0	10.427	
-7	MG_MOCIS_LWI_NL3380_SX_2.0	176.8	0	0	11.227	
-8	MG_MOCIS_LWI_NL3640_SX_2.0	187.5	0	0	12.024	
-9	MG_MOCIS_LWI_NL3900_SX_2.0	201.8	0	0	12.821	
5431	MG_MOCIS_LWI_NL4160_SX_2.0	255	0	0	13.619	
4888	MG_MOCIS_VSP_STD_SX_2.0	21.3	0	0	0.193	
4798	MG_MOCIS_VSPDL_STD_SX_2.0	49	0	0	0.211	
4889	MG_MOCIS_VSPP_STD_SX_2.0	29.5	0	0	0.121	
4794	MG_MOCIS_VSPPDL_STD_SX_2.0	63.5	0	0	0.14	
6712	MG_MOCIS_DECK_NL520_SX_2.0	128	0	0	0.311	
-10	MG_MOCIS_DECK_NL780_SX_2.0	145	0	0	0.408	
4891	MG_MOCIS_DECK_NL1040_SX_2.0	162	0	0	0.504	
5758	MG_MOCIS_DECK_NL1300_SX_2.0	169	0	0	0.6	
5622	MG_MOCIS_DECK_NL1560_SX_2.0	202	0	0	0.697	
-11	MG_MOCIS_DECK_NL1820_SX_2.0	234	0	0	0.794	
-12	MG_MOCIS_DECK_NL2080_SX_2.0	266	0	0	0.891	
-13	MG_MOCIS_DECK_NL2340_SX_2.0	298	0	0	0.988	
-14	MG_MOCIS_DECK_NL2600_SX_2.0	330	0	0	1.085	
-15	MG_MOCIS_DECK_NL2860_SX_2.0	362	0	0	1.182	
-16	MG_MOCIS_DECK_NL3120_SX_2.0	394	0	0	1.279	
-17	MG_MOCIS_DECK_NL3380_SX_2.0	426	0	0	1.376	
-18	MG_MOCIS_DECK_NL3640_SX_2.0	458	0	0	1.473	
-19	MG_MOCIS_DECK_NL3900_SX_2.0	490	0	0	1.57	
5432	MG_MOCIS_DECK_NL4160_SX_2.0	498	0	0	1.66	
4843	MG_MOCIS_DECKDL_NL520_SX_2.0	125	0	0	0.636	
-20	MG_MOCIS_DECKDL_NL780_SX_2.0	152	0	0	0.833	
4796	MG_MOCIS_DECKDL_NL1040_SX_2.0	179	0	0	1.03	
7205	MG_MOCIS_DECKDL_NL1300_SX_2.0	206	0	0	1.228	
6502	MG_MOCIS_DECKDL_NL1560_SX_2.0	233	0	0	1.425	
-21	MG_MOCIS_DECKDL_NL1820_SX_2.0	260	0	0	1.622	
-22	MG_MOCIS_DECKDL_NL2080_SX_2.0	287	0	0	1.819	
-23	MG_MOCIS_DECKDL_NL2340_SX_2.0	314	0	0	2.016	
-24	MG_MOCIS_DECKDL_NL2600_SX_2.0	341	0	0	2.213	
-25	MG_MOCIS_DECKDL_NL2860_SX_2.0	368	0	0	2.41	
-26	MG_MOCIS_DECKDL_NL3120_SX_2.0	395	0	0	2.607	
-27	MG_MOCIS_DECKDL_NL3380_SX_2.0	422	0	0	2.804	
-28	MG_MOCIS_DECKDL_NL3640_SX_2.0	449	0	0	3.001	
-29	MG_MOCIS_DECKDL_NL3900_SX_2.0	476	0	0	3.198	
-30	MG_MOCIS_DECKDL_NL4160_SX_2.0	510	0	0	3.395	
-31	MG_MOCIS_DEINLI_NL520_SX_2.0	76	0	0	0.603	
-32	MG_MOCIS_DEINLI_NL780_SX_2.0	106	0	0	0.758	
6149	MG_MOCIS_DEINLI_NL1040_SX_2.0	136	0	0	0.913	
6307	MG_MOCIS_DEINLI_NL1300_SX_2.0	166	0	0	1.068	
-33	MG_MOCIS_DEINDL_NL520_SX_2.0	86	0	0	0.767	
-34	MG_MOCIS_DEINDL_NL780_SX_2.0	116	0	0	0.922	
-35	MG_MOCIS_DEINDL_NL1040_SX_2.0	146	0	0	1.077	
-36	MG_MOCIS_DEINDL_NL1300_SX_2.0	176	0	0	1.232	
6713	MG_MOCIS_FENS_NL520_U_2.0	10	0	0	0.243	
-37	MG_MOCIS_FENS_NL780_U_2.0	15	0	0	0.323	
4892	MG_MOCIS_FENS_NL1040_U_2.0	15	0	0	0.403	
5759	MG_MOCIS_FENS_NL1300_U_2.0	25	0	0	0.483	
5623	MG_MOCIS_FENS_NL1560_U_2.0	25	0	0	0.563	
-38	MG_MOCIS_FENS_NL1820_U_2.0	25	0	0	0.643	
-39	MG_MOCIS_FENS_NL2080_U_2.0	25	0	0	0.723	
-40	MG_MOCIS_FENS_NL2340_U_2.0	25	0	0	0.803	
-41	MG_MOCIS_FENS_NL2600_U_2.0	25	0	0	0.883	
-42	MG_MOCIS_FENS_NL2860_U_2.0	25	0	0	0.963	
-43	MG_MOCIS_FENS_NL3120_U_2.0	25	0	0	1.043	
-44	MG_MOCIS_FENS_NL3380_U_2.0	25	0	0	1.123	
-45	MG_MOCIS_FENS_NL3640_U_2.0	25	0	0	1.203	
-46	MG_MOCIS_FENS_NL3900_U_2.0	25	0	0	1.283	
5435	MG_MOCIS_FENS_NL4160_U_2.0	25	0	0	1.363	
4844	MG_MOCIS_FENSDL_NL520_U_2.0	15	0	0	0.257	
-47	MG_MOCIS_FENSDL_NL780_U_2.0	20	0	0	0.344	
4797	MG_MOCIS_FENSDL_NL1040_U_2.0	25	0	0	0.431	
7206	MG_MOCIS_FENSDL_NL1300_U_2.0	25	0	0	0.518	
6503	MG_MOCIS_FENSDL_NL1560_U_2.0	25	0	0	0.605	
-48	MG_MOCIS_FENSDL_NL1820_U_2.0	25	0	0	0.692	
-49	MG_MOCIS_FENSDL_NL2080_U_2.0	25	0	0	0.779	
-50	MG_MOCIS_FENSDL_NL2340_U_2.0	25	0	0	0.866	
-51	MG_MOCIS_FENSDL_NL2600_U_2.0	25	0	0	0.953	
-52	MG_MOCIS_FENSDL_NL2860_U_2.0	25	0	0	1.04	
-53	MG_MOCIS_FENSDL_NL3120_U_2.0	25	0	0	1.127	
-54	MG_MOCIS_FENSDL_NL3380_U_2.0	25	0	0	1.214	
-55	MG_MOCIS_FENSDL_NL3640_U_2.0	25	0	0	1.301	
-56	MG_MOCIS_FENSDL_NL3900_U_2.0	25	0	0	1.388	
-57	MG_MOCIS_FENSDL_NL4160_U_2.0	25	0	0	1.475	
-80	MG_MOCIS_FEINLI_NL520_U_2.0	31.25	0	0	0.102	
-81	MG_MOCIS_FEINLI_NL780_U_2.0	31.25	0	0	0.139	
6150	MG_MOCIS_FEINLI_NL1040_U_2.0	31.25	0	0	0.176	
6311	MG_MOCIS_FEINLI_NL1300_U_2.0	31.25	0	0	0.213	
-58	MG_MOCIS_FEINDL_NL520_U_2.0	31.25	0	0	0.16	
-59	MG_MOCIS_FEINDL_NL780_U_2.0	36.25	0	0	0.219	
-60	MG_MOCIS_FEINDL_NL1040_U_2.0	36.25	0	0	0.278	
-61	MG_MOCIS_FEINDL_NL1300_U_2.0	36.25	0	0	0.337	
6480	MG_MOCIS_LHS_NL520_SX_2.0	32.42	0	0	0.297	
-62	MG_MOCIS_LHS_NL780_SX_2.0	37.1	0	0	0.398	
4890	MG_MOCIS_LHS_NL1040_SX_2.0	40.24	0	0	0.499	
5757	MG_MOCIS_LHS_NL1300_SX_2.0	41.8	0	0	0.6	
5621	MG_MOCIS_LHS_NL1560_SX_2.0	45.13	0	0	0.701	
-63	MG_MOCIS_LHS_NL1820_SX_2.0	48.73	0	0	0.802	
-64	MG_MOCIS_LHS_NL2080_SX_2.0	52.4	0	0	0.903	
-65	MG_MOCIS_LHS_NL2340_SX_2.0	56.23	0	0	1.004	
-66	MG_MOCIS_LHS_NL2600_SX_2.0	58.6	0	0	1.105	
-67	MG_MOCIS_LHS_NL2860_SX_2.0	62.43	0	0	1.21	
-68	MG_MOCIS_LHS_NL3120_SX_2.0	66.1	0	0	1.315	
-69	MG_MOCIS_LHS_NL3380_SX_2.0	69.95	0	0	1.416	
-70	MG_MOCIS_LHS_NL3640_SX_2.0	73.6	0	0	1.517	
-71	MG_MOCIS_LHS_NL3900_SX_2.0	77.4	0	0	1.618	
-72	MG_MOCIS_LHS_NL4160_SX_2.0	81.3	0	0	1.719	
4884	MG_MOCIS_UPS_STD_SX_2.0	28.4	0	0	0.896	
4790	MG_MOCIS_UPSDL_STD_SX_2.0	59	0	0	0.804	
4887	MG_MOCIS_UNPS_STD_SX_2.0	27.38	0	0	0.897	
4795	MG_MOCIS_UNPSDL_STD_SX_2.0	34.25	0	0	0.805	
4886	MG_MOCIS_UFPGA_STD_SX_2.0	36.6	0	0	1.593	
4792	MG_MOCIS_UFPGADL_STD_SX_2.0	40.5	0	0	1.424	
4789	MG_MOCIS_CALIBL_STD_SX_1.0	24.8	0	0	0.035	
4885	MG_MOCIS_U_STD_SX_2.0	29.9	0	0	1.664	
4791	MG_MOCIS_UDL_STD_SX_2.0	39.05	0	0	1.495	
4801	MG_MOCIS_LIKLO_STD_SX_1.0	5.2	0	0	0.015	
4377	MG_MOCIS_PF1000_STD_U_1.0	9.6	0	0	0.065	
5014	MG_MOCIS_HAVBS_STD_SX_1.1	9.6	0	0	0.021	
5012	MG_MOCIS_VBSADC2_STD_SX_1.2	3.95	0	0	0.009	
4619	MG_MOCIS_VBSADC_STD_SX_1.1	3.95	0	0	0.01	
5397	MG_MOCIS_UNSE2_STD_SX_1.1	2.7	0	0	0.003	
5396	MG_MOCIS_UNSE_STD_SX_1.1	2.7	0	0	0.003	
6714	MG_MOCIS_TLAB_NL520_SX_2.0	46.7	0	0	0.597	
-73	MG_MOCIS_TLAB_NL780_SX_2.0	58.27	0	0	0.801	
5321	MG_MOCIS_TLAB_NL1040_SX_2.0	60.87	0	0	1.005	
5920	MG_MOCIS_TLAB_NL1300_SX_2.0	63.45	0	0	1.209	
5625	MG_MOCIS_TLAB_NL1560_SX_2.0	67.9	0	0	1.413	
-74	MG_MOCIS_TLAB_NL1820_SX_2.0	72.6	0	0	1.617	
-75	MG_MOCIS_TLAB_NL2080_SX_2.0	77.2	0	0	1.821	
-76	MG_MOCIS_TLAB_NL2340_SX_2.0	81.75	0	0	2.025	
-77	MG_MOCIS_TLAB_NL2600_SX_2.0	86.3	0	0	2.229	
-78	MG_MOCIS_TLAB_NL2860_SX_2.0	90.8	0	0	2.433	
-79	MG_MOCIS_TLAB_NL3120_SX_2.0	95.45	0	0	2.637	
-80	MG_MOCIS_TLAB_NL3380_SX_2.0	100	0	0	2.841	
-81	MG_MOCIS_TLAB_NL3640_SX_2.0	104.6	0	0	3.045	
-82	MG_MOCIS_TLAB_NL3900_SX_2.0	109.2	0	0	3.249	
-83	MG_MOCIS_TLAB_NL4160_SX_2.0	113.75	0	0	3.453	
4787	MG_MOCIS_LEDHA_STD_SX_2.0	25	0	0	0.44	
4370	MG_MOCIS_LEDHADL_STD_SX_2.0	39	0	0	0.141	
4371	MG_MOCIS_GLAHA_STD_SX_1.0	12.7	0	0	0.035	
4788	MG_MOCIS_HAGLAHA_STD_SX_2.0	4.95	0	0	0.002	
4800	MG_MOCIS_LIAB_STD_SX_2.0	14.7	0	0	0.088	
4841	MG_MOCIS_UNBEL_NL520_SX_1.0	27.35	0	0	0.208	
-84	MG_MOCIS_UNBEL_NL780_SX_1.0	28.45	0	0	0.275	
4369	MG_MOCIS_UNBEL_NL1040_SX_1.0	28.75	0	0	0.342	
4658	MG_MOCIS_UNBEL_NL1300_SX_1.0	54.88	0	0	0.41	
6504	MG_MOCIS_UNBEL_NL1560_SX_1.0	60	0	0	0.477	
-85	MG_MOCIS_UNBEL_NL1820_SX_1.0	62.5	0	0	0.544	
-86	MG_MOCIS_UNBEL_NL2080_SX_1.0	66.25	0	0	0.611	
-87	MG_MOCIS_UNBEL_NL2340_SX_1.0	67.35	0	0	0.678	
-88	MG_MOCIS_UNBEL_NL2600_SX_1.0	70.75	0	0	0.745	
-89	MG_MOCIS_UNBEL_NL2860_SX_1.0	71.6	0	0	0.812	
-90	MG_MOCIS_UNBEL_NL3120_SX_1.0	74.75	0	0	0.879	
-91	MG_MOCIS_UNBEL_NL3380_SX_1.0	75.85	0	0	0.946	
-92	MG_MOCIS_UNBEL_NL3640_SX_1.0	80.95	0	0	1.013	
-93	MG_MOCIS_UNBEL_NL3900_SX_1.0	82.1	0	0	1.08	
-94	MG_MOCIS_UNBEL_NL4160_SX_1.0	87.2	0	0	1.147	
4845	MG_MOCIS_BELU_NL520_SX_2.0	328	0	0	0.709	
-95	MG_MOCIS_BELU_NL780_SX_2.0	330	0	0	0.943	
4799	MG_MOCIS_BELU_NL1040_SX_2.0	391.65	0	0	1.177	
7242	MG_MOCIS_BELU_NL1300_SX_2.0	393.9	0	0	1.411	
6505	MG_MOCIS_BELU_NL1560_SX_2.0	401.2	0	0	1.645	
-96	MG_MOCIS_BELU_NL1820_SX_2.0	403.45	0	0	1.879	
-97	MG_MOCIS_BELU_NL2080_SX_2.0	410.7	0	0	2.113	
-98	MG_MOCIS_BELU_NL2340_SX_2.0	413	0	0	2.347	
-99	MG_MOCIS_BELU_NL2600_SX_2.0	420.25	0	0	2.581	
-100	MG_MOCIS_BELU_NL2860_SX_2.0	422.5	0	0	2.815	
-101	MG_MOCIS_BELU_NL3120_SX_2.0	430	0	0	3.049	
-102	MG_MOCIS_BELU_NL3380_SX_2.0	432	0	0	3.283	
-103	MG_MOCIS_BELU_NL3640_SX_2.0	441.55	0	0	3.517	
-104	MG_MOCIS_BELU_NL3900_SX_2.0	443.8	0	0	3.751	
-105	MG_MOCIS_BELU_NL4160_SX_2.0	448.65	0	0	3.985	
-106	MG_MOCIS_UEINLI_NL520_SX_2.0	107.5	0	0	0.768	
-107	MG_MOCIS_UEINLI_NL780_SX_2.0	115.9	0	0	1.069	
6152	MG_MOCIS_UEINLI_NL1040_SX_2.0	129.7	0	0	1.37	
6310	MG_MOCIS_UEINLI_NL1300_SX_2.0	179	0	0	1.671	
6319	MG_MOCIS_ULILEI_STD_U_2.0	4.8	0	0	0.002	
4638	MG_MOCIS_HAULSP_STD_SX_1.0	49.1	0	0	0.051	
-108	MG_MOCIS_ULSP_NL520_U_2.0	10	0	0	0.06	
-109	MG_MOCIS_ULSP_NL780_U_2.0	10	0	0	0.089	
6151	MG_MOCIS_ULSP_NL1040_U_2.0	10	0	0	0.118	
6308	MG_MOCIS_ULSP_NL1300_U_2.0	10	0	0	0.147	
-110	MG_MOCIS_LILEI_NL520_U_2.0	25	0	0	0.138	
-111	MG_MOCIS_LILEI_NL780_U_2.0	25	0	0	0.199	
6154	MG_MOCIS_LILEI_NL1040_U_2.0	25	0	0	0.26	
6309	MG_MOCIS_LILEI_NL1300_U_2.0	38.5	0	0	0.321	
5425	MG_MOCIS_HALILEI_STD_SX_2.0	13.4	0	0	0.015	
8013	MG_MXLED_GEH50_NL1040_SX_1.0	116.4	0	0	2.12	
8014	MG_MXLED_GEH50_NL910_SX_1.0	103	0	0	1.8	
8015	MG_MXLED_GEH50_NL780_SX_1.0	90	0	0	1.63	
8016	MG_MXLED_GEH50_NL650_SX_1.0	82	0	0	1.3	
8017	MG_MXLED_GEH50_NL520_SX_1.0	64	0	0	1.14	
8012	MG_MXLED_GEH50_NL390_SX_1.0	57	0	0	0.8	
8018	MG_MXLED_GEH50_NL260_SX_1.0	50	0	0	0.575	
8095	MG_MXLED_GEH50_NL260_SX_1.1	50	0	0	0.575	
9138	MG_MXLED_GEH50_NL260_SX_1.2	50	0	0	0.575	
8096	MG_MXLED_GEH50_NL390_SX_1.1	57	0	0	0.8	
8097	MG_MXLED_GEH50_NL520_SX_1.1	64	0	0	1.14	
8100	MG_MXLED_GEH50_NL650_SX_1.1	82	0	0	1.3	
8098	MG_MXLED_GEH50_NL780_SX_1.1	90	0	0	1.63	
8101	MG_MXLED_GEH50_NL910_SX_1.1	103	0	0	1.8	
8099	MG_MXLED_GEH50_NL1040_SX_1.1	116.4	0	0	2.12	
9563	MG_MXLED_GEH50_NL260_SX_2.3	50	0	0	0.575	
9564	MG_MXLED_GEH50_NL390_SX_2.3	57	0	0	0.8	
9565	MG_MXLED_GEH50_NL520_SX_2.3	64	0	0	1.14	
9566	MG_MXLED_GEH50_NL650_SX_2.3	82	0	0	1.3	
9567	MG_MXLED_GEH50_NL780_SX_2.3	90	0	0	1.63	
9568	MG_MXLED_GEH50_NL910_SX_2.3	103	0	0	1.8	
9569	MG_MXLED_GEH50_NL1040_SX_2.3	116.4	0	0	2.12	
9570	MG_MXLED_GEH50_NL1300_SX_2.3	129.75	0	0	2.61	
9571	MG_MXLED_GEH50_NL1560_SX_2.3	178	0	0	3.1	
-113	MG_MXLED_GEH50_NL1820_SX_2.3	218	0	0	3.59	
-114	MG_MXLED_GEH50_NL2080_SX_2.3	258	0	0	4.08	
-115	MG_MXLED_GEH50_NL2340_SX_2.3	298	0	0	4.57	
-116	MG_MXLED_GEH50_NL2600_SX_2.3	338	0	0	5.06	
-117	MG_MXLED_GEH50_NL2860_SX_2.3	378	0	0	5.55	
-118	MG_MXLED_GEH50_NL3120_SX_2.3	433	0	0	6.04	
-119	MG_MXLED_GEH50_NL3380_SX_2.3	488	0	0	6.53	
-120	MG_MXLED_GEH50_NL3640_SX_2.3	543	0	0	7.02	
-121	MG_MXLED_GEH50_NL3900_SX_2.3	598	0	0	7.51	
-122	MG_MXLED_GEH50_NL4160_SX_2.3	653	0	0	0.008	
9572	MG_MXLED_LEDHFL_NL260_SX_2.3	12.4	0	0	0.35	
9573	MG_MXLED_LEDHFL_NL390_SX_2.3	18.6	0	0	0.48	
9574	MG_MXLED_LEDHFL_NL520_SX_2.3	24.8	0	0	0.62	
9575	MG_MXLED_LEDHFL_NL650_SX_2.3	31	0	0	0.75	
9576	MG_MXLED_LEDHFL_NL780_SX_2.3	37.2	0	0	0.88	
9577	MG_MXLED_LEDHFL_NL910_SX_2.3	43.4	0	0	0.001	
9578	MG_MXLED_LEDHFL_NL1040_SX_2.3	54.8	0	0	1.14	
9579	MG_MXLED_LEDHFL_NL1300_SX_2.3	60.85	0	0	1.4	
9580	MG_MXLED_LEDHFL_NL1560_SX_2.3	68	0	0	1.66	
-123	MG_MXLED_LEDHFL_NL1820_SX_2.3	79.33	0	0	1.92	
-124	MG_MXLED_LEDHFL_NL2080_SX_2.3	90.67	0	0	2.18	
-125	MG_MXLED_LEDHFL_NL2340_SX_2.3	102	0	0	2.44	
-126	MG_MXLED_LEDHFL_NL2600_SX_2.3	113.33	0	0	2.7	
-127	MG_MXLED_LEDHFL_NL2860_SX_2.3	124.67	0	0	2.96	
-128	MG_MXLED_LEDHFL_NL3120_SX_2.3	136	0	0	3.22	
-129	MG_MXLED_LEDHFL_NL3380_SX_2.3	147.33	0	0	3.48	
-130	MG_MXLED_LEDHFL_NL3640_SX_2.3	158.67	0	0	3.74	
-131	MG_MXLED_LEDHFL_NL3900_SX_2.3	170	0	0	0.004	
-132	MG_MXLED_LEDHFL_NL4160_SX_2.3	281.33	0	0	4.26	
8094	MG_VSCIS_GEH_NL260_SX_1.2	90	0	0	0.65	
8093	MG_VSCIS_GEH_NL520_SX_1.2	233	0	0	1.125	
8092	MG_VSCIS_GEH_NL780_SX_1.2	210	0	0	1.598	
8091	MG_VSCIS_GEH_NL1040_SX_1.2	175	0	0	2.078	
8491	MG_VSCIS_LEDHA_NL260_SX_1.2	70	0	0	0.078	
8489	MG_VSCIS_LEDHA_NL390_SX_1.2	98	0	0	0.11	
8489	MG_VSCIS_LEDHA_NL520_SX_1.2	120	0	0	0.141	
8487	MG_VSCIS_LEDHA_NL780_SX_1.2	175	0	0	0.204	
8486	MG_VSCIS_LEDHA_NL1040_SX_1.2	187	0	0	0.267	
7738	MG_VSCIS_LIHA_NL260_SX_1.1	20	0	0	0.018	
7737	MG_VSCIS_LIHA_NL520_SX_1.1	30	0	0	0.033	
7736	MG_VSCIS_LIHA_NL780_SX_1.1	40	0	0	0.047	
7710	MG_VSCIS_LIHA_NL1040_SX_1.1	50	0	0	0.061	
7741	MG_VSCIS_LIJU_NL260_SX_1.1	40	0	0	0.088	
7740	MG_VSCIS_LIJU_NL520_SX_1.1	60	0	0	0.155	
7739	MG_VSCIS_LIJU_NL780_SX_1.1	80	0	0	0.222	
7711	MG_VSCIS_LIJU_NL1040_SX_1.1	100	0	0	0.289	
7745	MG_VSCIS_SEHA_NL260_SX_1.1	105	0	0	0.201	
7744	MG_VSCIS_SEHA_NL520_SX_1.1	155	0	0	0.354	
7743	MG_VSCIS_SEHA_NL780_SX_1.1	205	0	0	0.505	
7712	MG_VSCIS_SEHA_NL1040_SX_1.1	215	0	0	0.664	
7748	MG_VSCIS_LISCHO_NL260_SX_1.1	20	0	0	0.116	
7747	MG_VSCIS_LISCHO_NL520_SX_1.1	30	0	0	0.204	
7746	MG_VSCIS_LISCHO_NL780_SX_1.1	40	0	0	0.293	
7713	MG_VSCIS_LISCHO_NL1040_SX_1.1	50	0	0	0.382	
7859	MG_VSCIS_SPITRÄ_NL260_SX_1.0	165	0	0	0.027	
7858	MG_VSCIS_SPITRÄ_NL520_SX_1.0	185	0	0	0.048	
7857	MG_VSCIS_SPITRÄ_NL780_SX_1.0	205	0	0	0.069	
7714	MG_VSCIS_SPITRÄ_NL1040_SX_1.0	225	0	0	0.09	
7862	MG_VSCIS_ALEDHAC_NL260_SX_1.0	9	0	0	0.012	
7861	MG_VSCIS_ALEDHAC_NL520_SX_1.0	9	0	0	0.026	
7860	MG_VSCIS_ALEDHAC_NL780_SX_1.0	9	0	0	0.04	
7715	MG_VSCIS_ALEDHAC_NL1040_SX_1.0	9	0	0	0.054	
7877	MG_VSCIS_LEDHACD_NL260_SX_1.0	52	0	0	0.074	
7876	MG_VSCIS_LEDHACD_NL520_SX_1.0	52	0	0	0.134	
7875	MG_VSCIS_LEDHACD_NL780_SX_1.0	52	0	0	0.195	
7854	MG_VSCIS_LEDHACD_NL1040_SX_1.0	52	0	0	0.255	
7880	MG_VSCIS_LISCHOD_NL260_SX_1.0	20	0	0	0.009	
7034	MG_VSCIS_LISCHOD_NL520_SX_1.0	30	0	0	0.315	
7878	MG_VSCIS_LISCHOD_NL780_SX_1.0	40	0	0	0.023	
7855	MG_VSCIS_LISCHOD_NL1040_SX_1.0	50	0	0	0.03	
7883	MG_VSCIS_LISCHOC_NL260_SX_1.0	20	0	0	0.024	
7882	MG_VSCIS_LISCHOC_NL520_SX_1.0	20	0	0	0.045	
7881	MG_VSCIS_LISCHOC_NL780_SX_1.0	25	0	0	0.065	
7856	MG_VSCIS_LISCHOC_NL1040_SX_1.0	15	0	0	0.086	
7919	MG_VSCIS_DECK_NL260_SX_1.0	26	0	0	0.06	
8009	MG_VSCIS_DECK_NL390_SX_1.0	28	0	0	0.08	
7918	MG_VSCIS_DECK_NL520_SX_1.0	33	0	0	0.1	
7923	MG_VSCIS_DECK_NL650_SX_1.0	39	0	0	0.06	
7917	MG_VSCIS_DECK_NL780_SX_1.0	44	0	0	0.15	
7922	MG_VSCIS_DECK_NL910_SX_1.0	49	0	0	0.24	
7916	MG_VSCIS_DECK_NL1040_SX_1.0	55	0	0	0.33	
7850	MG_VSCIS_DECKC_NL1040_SX_1.0	84	0	0	0.507	
7863	MG_VSCIS_DECKC_NL780_SX_1.0	84	0	0	0.397	
7864	MG_VSCIS_DECKC_NL520_SX_1.0	84	0	0	0.287	
7865	MG_VSCIS_DECKC_NL260_SX_1.0	84	0	0	0.177	
7851	MG_VSCIS_FENSC_NL1040_ES_1.0	25	0	0	0.14	
7866	MG_VSCIS_FENSC_NL780_ES_1.0	25	0	0	0.107	
7867	MG_VSCIS_FENSC_NL520_ES_1.0	25	0	0	0.075	
7868	MG_VSCIS_FENSC_NL260_ES_1.0	25	0	0	0.042	
7852	MG_VSCIS_LILEI_NL1040_U_1.0	13	0	0	0.091	
7869	MG_VSCIS_LILEI_NL780_U_1.0	13	0	0	0.069	
7870	MG_VSCIS_LILEI_NL520_U_1.0	13	0	0	0.047	
7871	MG_VSCIS_LILEI_NL260_U_1.0	13	0	0	0.024	
7853	MG_VSCIS_UMSPI_NL1040_U_1.0	10	0	0	0.023	
7872	MG_VSCIS_UMSPI_NL780_U_1.0	10	0	0	0.017	
7873	MG_VSCIS_UMSPI_NL520_U_1.0	10	0	0	0.012	
7874	MG_VSCIS_UMSPI_NL260_U_1.0	10	0	0	0.006	
7921	MG_VSCIS_FENS_NL780_U_1.0	25	0	0	0.11	
7920	MG_VSCIS_FENS_NL7920_U_1.0	25	0	0	0.14	
8088	MG_VSCIS_VSP_STD_SX_1.1	31.5	0	0	0.042	
7992	MG_LND_KURO_NL260_U_1.0	38	0	0	0.036	
7991	MG_LND_KURO_NL520_U_1.0	42	0	0	0.056	
7990	MG_LND_KURO_NL780_U_1.0	48.5	0	0	0.076	
7503	MG_LND_KURO_NL1040_U_1.0	58.5	0	0	0.096	
8684	MG_LND_KURO_NL1300_U_1.0	60	0	0	0.116	
8685	MG_LND_KURO_NL1560_U_1.0	65	0	0	0.136	
7995	MG_LND_LILEI_NL260_U_1.0	163	0	0	0.012	
7994	MG_LND_LILEI_NL520_U_1.0	176	0	0	0.021	
7993	MG_LND_LILEI_NL780_U_1.0	192	0	0	0.031	
7463	MG_LND_LILEI_NL1040_U_1.0	225	0	0	0.04	
8686	MG_LND_LILEI_NL1300_U_1.0	258	0	0	0.049	
8687	MG_LND_LILEI_NL1560_U_1.0	291	0	0	0.058	
8238	MG_VTCIS_GEH_NL260_SX_2.0	222	0	0	0.811	
8237	MG_VTCIS_GEH_NL520_SX_2.0	222	0	0	1.445	
8236	MG_VTCIS_GEH_NL780_SX_2.0	222	0	0	2.079	
8229	MG_VTCIS_GEH_NL1040_SX_2.0	177	0	0	2.713	
8535	MG_VTCIS_GEH_NL260_SX_3.0	222	0	0	0.771	
9379	MG_VTCIS_GEH_NL260_SX_3.1	91.2	0	0	0.771	
8534	MG_VTCIS_GEH_NL520_SX_3.0	222	0	0	1.335	
8533	MG_VTCIS_GEH_NL780_SX_3.0	222	0	0	1.899	
8501	MG_VTCIS_GEH_NL1040_SX_3.0	177	0	0	2.463	
8666	MG_VTCIS_GEH_NL1300_SX_3.0	200	0	0	3.027	
8667	MG_VTCIS_GEH_NL1560_SX_3.0	225	0	0	3.591	
8244	MG_VTCIS_LEDHA_NL260_SX_2.0	96.5	0	0	0.341	
8243	MG_VTCIS_LEDHA_NL520_SX_2.0	96.5	0	0	0.6	
8239	MG_VTCIS_LEDHA_NL780_SX_2.0	96.5	0	0	0.859	
8230	MG_VTCIS_LEDHA_NL1040_SX_2.0	89	0	0	1.118	
8511	MG_VTCIS_LEDHA_NL260_SX_3.0	96.5	0	0	0.331	
8510	MG_VTCIS_LEDHA_NL520_SX_3.0	96.5	0	0	0.591	
8509	MG_VTCIS_LEDHA_NL780_SX_3.0	96.5	0	0	0.851	
8499	MG_VTCIS_LEDHA_NL1040_SX_3.0	89	0	0	1.111	
8668	MG_VTCIS_LEDHA_NL1300_SX_3.0	100	0	0	1.371	
8669	MG_VTCIS_LEDHA_NL1560_SX_3.0	110	0	0	1.631	
8859	MG_VTCIS_LWI_STD_SX_3.0	10	0	0	0.039	
8072	MG_VTCIS_LILEIC_NL260_U_1.0	163	0	0	0.056	
8071	MG_VTCIS_LILEIC_NL520_U_1.0	176	0	0	0.107	
8070	MG_VTCIS_LILEIC_NL780_U_1.0	192	0	0	0.157	
8069	MG_VTCIS_LILEIC_NL1040_U_1.0	225	0	0	0.208	
8569	MG_VTCIS_LILEIC_NL260_SX_3.0	163	0	0	0.042	
8568	MG_VTCIS_LILEIC_NL520_SX_3.0	176	0	0	0.079	
8567	MG_VTCIS_LILEIC_NL780_SX_3.0	192	0	0	0.116	
8566	MG_VTCIS_LILEIC_NL1040_U_3.0	225	0	0	0.153	
7999	MG_VTCIS_HALILEI_NL260_SX_1.0	14	0	0	0.012	
7998	MG_VTCIS_HALILEI_NL520_SX_1.0	14	0	0	0.024	
7997	MG_VTCIS_HALILEI_NL780_SX_1.0	14	0	0	0.036	
8047	MG_VTCIS_HALILEI_NL1040_SX_1.0	10	0	0	0.048	
7999	MG_VTCIS_HALILEI_NL260_SX_1.0	14	0	0	0.012	
7998	MG_VTCIS_HALILEI_NL520_SX_1.0	14	0	0	0.024	
7997	MG_VTCIS_HALILEI_NL780_SX_1.0	14	0	0	0.036	
8047	MG_VTCIS_HALILEI_NL1040_SX_1.0	10	0	0	0.048	
8670	MG_VTCIS_HALILEI_NL1300_SX_1.0	15	0	0	0.06	
8671	MG_VTCIS_HALILEI_NL1560_SX_1.0	18	0	0	0.072	
7977	MG_VTCIS_LIHA_NL260_SX_1.0	25	0	0	0.06	
7976	MG_VTCIS_LIHA_NL520_SX_1.0	25	0	0	0.109	
7975	MG_VTCIS_LIHA_NL780_SX_1.0	25	0	0	0.158	
7957	MG_VTCIS_LIHA_NL1040_SX_1.0	18	0	0	0.207	
8528	MG_VTCIS_LIHA_NL260_SX_3.0	25	0	0	0.031	
8527	MG_VTCIS_LIHA_NL520_SX_3.0	25	0	0	0.059	
8526	MG_VTCIS_LIHA_NL780_SX_3.0	25	0	0	0.087	
8505	MG_VTCIS_LIHA_NL1040_SX_3.0	18	0	0	0.115	
8672	MG_VTCIS_LIHA_NL1300_SX_3.0	23	0	0	0.143	
8673	MG_VTCIS_LIHA_NL1560_SX_3.0	28	0	0	0.171	
8522	MG_VTCIS_LIJU_NL260_SX_3.0	35	0	0	0.071	
8521	MG_VTCIS_LIJU_NL520_SX_3.0	35	0	0	0.139	
8520	MG_VTCIS_LIJU_NL780_SX_3.0	35	0	0	0.207	
8504	MG_VTCIS_LIJU_NL1040_SX_3.0	28	0	0	0.275	
8674	MG_VTCIS_LIJU_NL1300_SX_3.0	33	0	0	0.343	
8675	MG_VTCIS_LIJU_NL1560_SX_3.0	38	0	0	0.411	
7980	MG_VTCIS_STASCHU_NL260_SX_1.0	25	0	0	0.029	
7979	MG_VTCIS_STASCHU_NL520_SX_1.0	25	0	0	0.051	
7978	MG_VTCIS_STASCHU_NL780_SX_1.0	25	0	0	0.073	
7958	MG_VTCIS_STASCHU_NL1040_SX_1.0	18	0	0	0.095	
8519	MG_VTCIS_STASCHU_NL260_SX_3.0	25	0	0	0.034	
8518	MG_VTCIS_STASCHU_NL520_SX_3.0	25	0	0	0.066	
8517	MG_VTCIS_STASCHU_NL780_SX_3.0	25	0	0	0.098	
8503	MG_VTCIS_STASCHU_NL1040_SX_3.0	18	0	0	0.13	
8676	MG_VTCIS_STASCHU_NL1300_SX_3.0	23	0	0	0.162	
8677	MG_VTCIS_STASCHU_NL1560_SX_3.0	28	0	0	0.194	
8241	MG_VTCIS_SEHA_NL260_SX_2.0	73	0	0	0.203	
8240	MG_VTCIS_SEHA_NL520_SX_2.0	73	0	0	0.337	
8242	MG_VTCIS_SEHA_NL780_SX_2.0	73	0	0	0.471	
8232	MG_VTCIS_SEHA_NL1040_SX_2.0	66	0	0	0.605	
8532	MG_VTCIS_SEHA_NL260_SX_3.0	50	0	0	0.301	
8531	MG_VTCIS_SEHA_NL520_SX_3.0	55	0	0	0.533	
8530	MG_VTCIS_SEHA_NL780_SX_3.0	60	0	0	0.765	
8500	MG_VTCIS_SEHA_NL1040_SX_3.0	65	0	0	0.997	
8678	MG_VTCIS_SEHA_NL1300_SX_3.0	70	0	0	1.229	
8679	MG_VTCIS_SEHA_NL1560_SX_3.0	75	0	0	1.461	
8247	MG_VTCIS_SEHADE_NL260_SX_2.0	99	0	0	0.267	
8246	MG_VTCIS_SEHADE_NL520_SX_2.0	130	0	0	0.535	
8245	MG_VTCIS_SEHADE_NL780_SX_2.0	145	0	0	0.803	
8233	MG_VTCIS_SEHADE_NL1040_SX_2.0	150	0	0	1.071	
8539	MG_VTCIS_DECK_NL260_SX_3.0	99	0	0	0.373	
8538	MG_VTCIS_DECK_NL520_SX_3.0	130	0	0	0.639	
8537	MG_VTCIS_DECK_NL780_SX_3.0	145	0	0	0.905	
8502	MG_VTCIS_DECK_NL1040_SX_3.0	150	0	0	1.171	
8680	MG_VTCIS_DECK_NL1300_SX_3.0	155	0	0	1.437	
8681	MG_VTCIS_DECK_NL1560_SX_3.0	160	0	0	1.703	
8565	MG_VTCIS_SPITR�_NL260_SX_3.0	120	0	0	0.037	
8564	MG_VTCIS_SPITR�_NL520_SX_3.0	120	0	0	0.067	
8563	MG_VTCIS_SPITR�_NL780_SX_3.0	120	0	0	0.097	
8562	MG_VTCIS_SPITR�_NL1040_SX_3.0	100	0	0	0.127	
8058	MG_VTCIS_LILEIHC_NL260_SX_1.0		0	0	0.029	
8057	MG_VTCIS_LILEIHC_NL520_SX_1.0		0	0	0.052	
8056	MG_VTCIS_LILEIHC_NL780_SX_1.0		0	0	0.075	
8055	MG_VTCIS_LILEIHC_NL1040_SX_1.0		0	0	0.098	
8267	MG_VTCIS_LEDHAC_NL260_SX_2.0	100.5	0	0	0.181	
8266	MG_VTCIS_LEDHAC_NL520_SX_2.0	100.5	0	0	0.319	
8265	MG_VTCIS_LEDHAC_NL780_SX_2.0	100.5	0	0	0.457	
8264	MG_VTCIS_LEDHAC_NL1040_SX_2.0	93	0	0	0.595	
8556	MG_VTCIS_LEDHAC_NL260_SX_3.0	100.5	0	0	0.313	
8555	MG_VTCIS_LEDHC_NL520_SX_3.0	100.5	5	0	0.559	
8554	MG_VTCIS_LEDHC_NL780_SX_3.0	100.5	5	0	0.805	
8553	MG_VTCIS_LEDHC_NL1040_SX_3.0	93	0	0	1.051	
8066	MG_VTCIS_LIHAC_NL260_SX_1.0	140	0	0	0.094	
8065	MG_VTCIS_LIHAC_NL520_SX_1.0	140	0	0	0.178	
8064	MG_VTCIS_LIHAC_NL780_SX_1.0	140	0	0	0.262	
8063	MG_VTCIS_LIHAC_NL1040_SX_1.0	125	0	0	0.346	
7883	MG_VSCIS_LISCHOC_NL260_SX_1.0	20	0	0	0.009	
7882	MG_VSCIS_LISCHOC_NL520_SX_1.0	20	0	0	0.016	
7881	MG_VSCIS_LISCHOC_NL780_SX_1.0	25	0	0	0.023	
7856	MG_VSCIS_LISCHOC_NL1040_SX_1.0	15	0	0	0.03	
7961	MG_VTCIS_VSPSEKA_STD_SX_1.0	3	1	0	0.002	
8507	MG_VTCIS_VSPLIHA_STD_SX_3.0	3	1	0	0.002	
8231	MG_VTCIS_VSP_STD_SX_2.0	29	0	0	0.143	
8508	MG_VTCIS_VSP_STD_SX_3.0	29	0	0	0.131	
8250	MG_VTCIS_DECK_NL260_SX_2.0	58	0	0	0.214	
8249	MG_VTCIS_DECK_NL520_SX_2.0	50	0	0	0.365	
8248	MG_VTCIS_DECK_NL780_SX_2.0	88	0	0	0.516	
8234	MG_VTCIS_DECK_NL1040_SX_2.0	70	0	0	0.667	
8542	MG_VTCIS_EDECK_NL260_SX_3.0	60	0	0	0.138	
8541	MG_VTCIS_EDECK_NL520_SX_3.0	65	0	0	0.251	
8540	MG_VTCIS_EDECK_NL780_SX_3.0	70	0	0	0.364	
8506	MG_VTCIS_EDECK_NL1040_SX_3.0	75	0	0	0.477	
8682	MG_VTCIS_EDECK_NL1300_SX_3.0	80	0	0	0.59	
8683	MG_VTCIS_EDECK_NL1560_SX_3.0	85	0	0	0.703	
8268	MG_VTCIS_VSP1C_STD_SX_2.0	29	0	0	0.143	
8269	MG_VTCIS_VSP2C_STD_SX_2.0	29	0	0	0.143	
8557	MG_VTCIS_VSPC_STD_SX_3.0	29	0	0	0.142	
8273	MG_VTCIS_DECKC_NL260_SX_2.0	58	0	0	0.321	
8272	MG_VTCIS_DECKC_NL520_SX_2.0	50	0	0	0.525	
8271	MG_VTCIS_DECKC_NL780_SX_2.0	88	0	0	0.729	
8270	MG_VTCIS_DECKC_NL1040_SX_2.0	70	0	0	0.933	
8561	MG_VTCIS_DECKC_NL260_SX_3.0	99	0	0	0.401	
8560	MG_VTCIS_DECKC_NL520_SX_3.0	130	0	0	0.689	
8559	MG_VTCIS_DECKC_NL780_SX_3.0	145	0	0	0.977	
8558	MG_VTCIS_DECKC_NL1040_SX_3.0	150	0	0	1.265	
8481	MG_VTCIS_KUROSCH_STD_PC_1.0	9	0	0	0.122	
7038	MG_VRCIS_EGEH_NL1040_SX_1.2	98.96	0	0	0.588	
7040	MG_VRCIS_EGEH_NL780_SX_1.2	76	0	0	0.445	
7034	MG_VRCIS_EGEH_NL520_SX_1.2	58	0	0	0.302	
6976	MG_VRCIS_EGEH_NL260_SX_1.2	97	0	0	0.172	
8625	MG_VSCIS_EGEHOL�_NL1040_SX_1.0	90	0	0	0.588	
8626	MG_VSCIS_EGEHOL�_NL780_SX_1.0	75	0	0	0.445	
8627	MG_VSCIS_EGEHOL�_NL520_SX_1.0	55	0	0	0.302	
7317	MG_VRCIS_EGEHOL_NL260_SX_1.0	50	0	0	0.172	
6917	MG_VRCIS_LUSCHO_STD_SX_1.0	9.5	0	0	0.011	
4049	MK_KASCHE_04	0.12	0	0	0	
4047	MK_DRULUAN_M5_G	2.32	0	0	0	
4988	MK_ESCHRAUV_G_1/4	1.92	0	0	0	
4419	ME_L�_AXIAL_40x40_24V	11.5	0	0	0.013	
6886	ME_SCHUGIL�_40x40	0.6	0	0	0.012	
5890	ME_L�_RADIAL_51x51_24V	20.7	0	0	0	
3203	MM_GEEI_M5_VZ_CR	0.43	0	0	0	
3153	MM_IA_UNC4-40_03.8_CL_VZ	1	0	0	0	
3204	MM_IA_UNC4-40_03.3_VZ	1.54	0	0	0	
5576	MM_GEEI_M4_VZ_CR	0.4	0	0	0	
4228	MM_MOW�_2M3_10x10x10	0.39	0	0	0.002	
3481	MF_GEBU_15_SX_1.0	6	0	0	0.001	
8629	MF_KK_240x50x25_SX	8.3	0	0	0	
4420	MF_KK_100x61.5x9.5_SX	17.4	0	0	0	
4421	MF_ABDECKLAICK	4.1	0	0	0	
8149	MF_FLUKU_200_1.0	35	0	0	0	
4989	MF_FLUKU_400_1.0	55	0	0	0	
5275	MF_FLUKU_600_1.0	87	0	0	0	
8151	MF_FLUKU_800_1.0	110	0	0	0	
8150	MF_ZWIPLAFK_200_1.0	21	0	0	0	
4991	MF_ZWIPLAFK_400_1.0	21	0	0	0	
5274	MF_ZWIPLAFK_600_1.0	29	0	0	0	
8152	MF_ZWIPLAFK_800_1.0	36	0	0	0	
5819	O_TC48	0.36	0	0	0	0.0075
7427	O_TC48_09AG	0.38	0	0	0	0.0075
2893	O_TC54	0.29	0	0	0	0.006
7429	O_TC54_09AG	0.27	0	0	0	0.006
5238	X_ABDECKFLANSCH_25	0.67	0	0	0.006	
4802	X_09_STAUBSCHUKAP_SUBD	0.25	0	0	0	
5125	X_26_STAUBSCHUKAP_CL	0.32	0	0	0	
8751	X_15_STAUBSCHUTZKAP_SUBD_M	0.62	0	0	0	
8752	X_25_STAUBSCHUTZKAP_SUBD_M	1.25	0	0	0	
8753	X_25_STAUBSCHUTZKAP_SUBD_F	1.25	0	0	0	
3566	X_Tempindi_4x12	0.64	0	0	0	
3565	X_TEMPINDI_12x32x93°	0.82	0	0	0	
5799	X_SHOCKWATCH_75G_Clip	2.98	0	0	0	
5798	X_SHOCKWATCH_50G_Clip	2.98	0	0	0	
5803	X_SHOCKWATCH_37G_Label	2.98	0	0	0	
5800	X_Shockwatch_37G_Clip	2.98	0	0	0	
7268	X_W�rmeleitkleber_WLK_5g	11.86	0	0	0.005	
6185	X_W�rmeleitkleber_WLK_10g	28.9	0	0	0.01	
7707	X_W�rmeleitkleber_WLK_30g	34.01	0	0	0.03	
8280	X_GAZE_60mesh_VSCIS	0.05	0	0	0.001	
2779	HZ_RD_015_GL_U	0.0003	0	0	0.003	
4555	HZ_RD_015_GL_U_GEK_260	4.19	0	0	0.1	
8624	HZ_RD_015_GL_SGS	0.03	0	0	0	
7323	WKS_VRCIS_VP_0260	29.62	0.5	0	0.04	
7324	WKS_VRCIS_VP_0390/0520	54.58	0.5	0	0.055	
7325	WKS_VRCIS_VP_0585/0650/0780	85.69	0.5	0	0.095	
7326	WKS_VRCIS_VP_0910/1040	122.79	0.5	0	0.162	
6101	WKS_MXLED_0260_0600	19.77	0.5	0	0.075	
5989	WKS_MXLED_0650_1040	35.27	0.5	0	0.156	
5919	WKS_MXLED_1300_1560	65.61	0.5	0	0.225	
5640	WKS_MXLED_1820_2080	99	0.5	0	0.3	
8143	WKS_MXLED_2340_2600	135	0.5	0	0.375	
8144	WKS_MXLED_2860_3120	166	0.5	0	0.45	
8145	WKS_MXLED_3380_3640	195	0.5	0	0.525	
8147	WKS_MXLED_3900_4160	233	0.5	0	0.6	
4356	WKS_MXCIS_520_H	25.69	0.7	0	0.15	
5837	WKS_MXCIS_520_H_LICHT	30.67	0.7	0	0.15	
-112	WKS_MXCIS_520_H_AMC	30	0.7	0	0.15	
6967	WKS_MXCIS_520_H_LICHT_Z	28.4	0.7	0	0.15	
6970	WKS_MXCIS_520_H_Z	25.39	0.7	0	0.15	
4355	WKS_MXCIS_520_L	17.69	0.7	0	0.15	
5836	WKS_MXCIS_520_L_LICHT	27.67	0.7	0	0.15	
6277	WKS_MXCIS_520_L_AMC	26	0.7	7	0.15	
6968	WKS_MXCIS_520_L_LICHT_Z	28.4	0.7	0	0.15	
6969	WKS_MXCIS_520_L_Z	17.39	0.7	0	0.15	
5826	WKS_MXCIS_ARS0.5-1-LICHT	23.55	0.7	0	0.15	
4528	WKS_MXCIS_ARS0.5-1	18.5	0.7	0	0.15	
6278	WKS_MXCIS_ARS0.5-1_AMC	24.7	0.7	0	0.15	
6172	WK1_02_0.14_400_P122.2	0.98	0.08	0	0.003	
6173	WK1_03_0.14_400_P122.3	0.66	0.1	0	0.004	
7315	WK1_04_0.14_P159.1	0.52	0.08	0	0.002	
6174	WK1_04_0.14_400_P122.4	0.76	0.12	0	0.005	
6177	WK1_07_0.14_400_P122.7	1.04	0.25	0	0.008	
7318	WK1_04_0.14_P159.2	0.58	0.17	0	0.004	
4529	WK1_02_6.0_1500_P085.1	6.62	0.33	0	0.2	
5188	WK1_02_6.0_1500_P085.2	10.87	0.33	0	0.2	
5189	WK1_02_6.0_3500_P085.3	15.12	0.33	0	0.2	
5192	WK1_02_6.0_1500_P085.4	19.37	0.33	0	0.2	
5193	WK1_02_6.0_1500_P085.5	23.62	0.33	0	0.2	
5194	WK1_02_6.0_1500_P085.6	27.87	0.33	0	0.2	
5195	WK1_02_6.0_1500_P085.7	32.12	0.33	0	0.2	
5196	WK1_02_6.0_1500_P085.8	36.37	0.33	0	0.2	
4335	WK2_26_127_TW_1x20_0500	3.15	0.08	0	0.028	
8707	WKS_VTCIS_0260	31.4	0	0	0	
8600	WKS_VTCIS_0520	62.35	0	0	0	
8708	WKS_VTCIS_0780	97.22	0	0	0	
8054	WKS_VTCIS_1040	138.21	0	0	0	
8796	WKS_VTCIS_1300	183.43	0	0	0	
8797	WKS_VTCIS_1560	232.22	0	0	0	
8709	WKS_VTCIS_0260_1LED	2.54	0	0	0	
8714	WKS_VTCIS_0520_1LED	2.68	0	0	0	
8715	WKS_VTCIS_0780_1LED	2.78	0	0	0	
8716	WKS_VTCIS_1040_1LED	2.92	0	0	0	
8798	WKS_VTCIS_1300_1LED	3.1	0	0	0	
8802	WKS_VTCIS_1560_1LED	3.24	0	0	0	
8735	WKS_VTCIS_0260_2LED	3.2	0	0	0	
8736	WKS_VTCIS_0520_2LED	3.38	0	0	0	
8737	WKS_VTCIS_0780_2LED	3.48	0	0	0	
8738	WKS_VTCIS_1040_2LED	3.66	0	0	0	
8799	WKS_VTCIS_1300_2LED	3.9	0	0	0	
8803	WKS_VTCIS_1560_2LED	4.08	0	0	0	
8739	WKS_VTCIS_0260_1RGB	3.86	0	0	0	
8740	WKS_VTCIS_0520_1RGB	4.08	0	0	0	
8741	WKS_VTCIS_0780_1RGB	4.18	0	0	0	
8742	WKS_VTCIS_1040_1RGB	4.4	0	0	0	
8800	WKS_VTCIS_1300_1RGB	4.7	0	0	0	
8804	WKS_VTCIS_1560_1RGB	4.92	0	0	0	
8743	WKS_VTCIS_0260_2RGB	5.2	0	0	0	
8744	WKS_VTCIS_0520_2RGB	5.83	0	0	0	
8745	WKS_VTCIS_0780_2RGB	5.93	0	0	0	
8746	WKS_VTCIS_1040_2RGB	6.56	0	0	0	
8801	WKS_VTCIS_1300_2RGB	7.09	0	0	0	
8805	WKS_VTCIS_1560_2RGB	7.74	0	0	0	
7662	FB_VARICISC_2.2	429.89	0	0	0.11	
